Course Title,URL
AI for Project Management: Managing Risk with Generative AI,https://www.linkedin.com/learning/ai-for-project-management-managing-risk-with-generative-ai
Building ChatGPT Skills for Business Professionals,https://www.linkedin.com/learning/building-chatgpt-skills-for-business-professionals
Building Generative AI Skills for Business Professionals,https://www.linkedin.com/learning/building-generative-ai-skills-for-business-professionals
How to Keep Your Team on the Bleeding Edge of AI Innovation,https://www.linkedin.com/learning/how-to-keep-your-team-on-the-bleeding-edge-of-ai-innovation
Learning Data Science: Manage Your Team,https://www.linkedin.com/learning/learning-data-science-manage-your-team
Learning Design Thinking,https://www.linkedin.com/learning/learning-design-thinking
Manager's Guide to Building a Strategic Plan with ChatGPT (No Code Required),https://www.linkedin.com/learning/managers-guide-to-building-a-strategic-plan-with-chatgpt-no-code-required
Nano Tips for Career Success and Daily Wins with Shadé Zahrai,https://www.linkedin.com/learning/nano-tips-for-career-success-and-daily-wins-with-shadé-zahrai
Nano Tips for Leading Authentically at Work with Luvvie Ajayi Jones,https://www.linkedin.com/learning/nano-tips-for-leading-authentically-at-work-with-luvvie-ajayi-jones
course-list-learning-path Building AI Literacy   LinkedIn Learning,https://www.linkedin.com/learning/course-list-learning-path-building-ai-literacy---linkedin-learning
